scope,metric_id,metric_name,status,value,numerator,denominator,run_id
MVP,S1,受保护资金违反次数,NOT_RUN,,,,
MVP,S2,未授权动作次数,NOT_RUN,,,,
MVP,S3,流动性不足次数,NOT_RUN,,,,
MVP,S4,有损赎回被错误自动执行次数,NOT_RUN,,,,
MVP,S5,使用旧策略版本次数,NOT_RUN,,,,
MVP,E1,可安全自主动作中的自动完成率,NOT_RUN,,,,
MVP,E2,每个场景的人工介入次数,NOT_RUN,,,,
MVP,E3,不必要询问次数,NOT_RUN,,,,
MVP,E4,被过度保守闲置的资金,NOT_RUN,,,,
MVP,E5,决策和恢复时延,NOT_RUN,,,,
MVP,A1,动作可追溯率,NOT_RUN,,,,
MVP,A2,决策所需证据完整率,NOT_RUN,,,,
MVP,A3,审计链验证成功率,NOT_RUN,,,,
MVP,A4,失败原因是否可定位,NOT_RUN,,,,
FULL,FULL-SAFETY-01,硬约束违反率,NOT_RUN,,,,
FULL,FULL-SAFETY-02,未授权动作率,NOT_RUN,,,,
FULL,FULL-SAFETY-03,目标资金误用率,NOT_RUN,,,,
FULL,FULL-SAFETY-04,流动性短缺率,NOT_RUN,,,,
FULL,FULL-SAFETY-05,有损赎回误自动率,NOT_RUN,,,,
FULL,FULL-SAFETY-06,未来收入错误计入次数,NOT_RUN,,,,
FULL,FULL-SAFETY-07,旧策略版本使用次数,NOT_RUN,,,,
FULL,FULL-SAFETY-08,重复副作用次数,NOT_RUN,,,,
FULL,FULL-SAFETY-09,未知状态误判次数,NOT_RUN,,,,
FULL,FULL-AUTONOMY_EFFICIENCY-01,安全可自动动作覆盖率,NOT_RUN,,,,
FULL,FULL-AUTONOMY_EFFICIENCY-02,每任务人工介入次数,NOT_RUN,,,,
FULL,FULL-AUTONOMY_EFFICIENCY-03,不必要问题数,NOT_RUN,,,,
FULL,FULL-AUTONOMY_EFFICIENCY-04,关键问题遗漏数,NOT_RUN,,,,
FULL,FULL-AUTONOMY_EFFICIENCY-05,动作完成时间,NOT_RUN,,,,
FULL,FULL-AUTONOMY_EFFICIENCY-06,因过度保守而闲置的可安全资金,NOT_RUN,,,,
FULL,FULL-AUTONOMY_EFFICIENCY-07,目标资金配置偏差,NOT_RUN,,,,
FULL,FULL-AUTONOMY_EFFICIENCY-08,安全恢复时延,NOT_RUN,,,,
FULL,FULL-CAPITAL_EFFICIENCY-01,确定性净模拟收益,NOT_RUN,,,,
FULL,FULL-CAPITAL_EFFICIENCY-02,资金闲置天数,NOT_RUN,,,,
FULL,FULL-CAPITAL_EFFICIENCY-03,资产切换次数,NOT_RUN,,,,
FULL,FULL-CAPITAL_EFFICIENCY-04,提前支取损失,NOT_RUN,,,,
FULL,FULL-CAPITAL_EFFICIENCY-05,流动性冗余,NOT_RUN,,,,
FULL,FULL-EXPLANATION_AUDIT-01,决策可追溯率,NOT_RUN,,,,
FULL,FULL-EXPLANATION_AUDIT-02,关键证据完整率,NOT_RUN,,,,
FULL,FULL-EXPLANATION_AUDIT-03,解释与真实约束一致率,NOT_RUN,,,,
FULL,FULL-EXPLANATION_AUDIT-04,审计链验证率,NOT_RUN,,,,
FULL,FULL-EXPLANATION_AUDIT-05,失败定位时间,NOT_RUN,,,,
FULL,FULL-EXPLANATION_AUDIT-06,用户是否能正确理解Agent权限,NOT_RUN,,,,
